-57.5534418758562,0.0,-57.185725425739825,6.374613603470891,-56.092412827523,12.664245532077445,-54.22163324756237,18.78027288630664,-51.487830019058585,24.620223452293157,-47.777141220996285,30.059988264298383,-42.9638687179979,34.94637334320996,-36.94867438504263,39.09318216790559,-29.727745709903264,42.28761949086737,-21.482444975998813,44.316244731325135,-12.634541997770274,45.01357564925359,-3.7866390195417368,44.316244731325135,4.45866171436272,42.287619490867364,11.679590389502083,39.09318216790559,17.694784722457374,34.94637334320997,22.508057225455747,30.059988264298383,26.218746023518054,24.620223452293157,28.95254925202182,18.78027288630664,30.82332883198247,12.664245532077445,31.916641430199288,6.3746136034709
-54.1104588767002,0.0,-53.74552632586257,5.947164707225124,-52.665914320718684,11.805551938759667,-50.831290018278516,17.484040153785056,-48.17742140795818,22.8798215489447,-44.62416209434872,27.872639226615245,-40.09308734667905,32.32039510505708,-34.540514333133,36.0589159759825,-28.007652278301638,38.91053594092369,-20.67496804707245,40.70621702198112,-12.88522814113787,41.320415653779925,-5.095488235005835,40.70621702269475,2.2371959964789467,38.91053594174315,8.770058050804032,36.05891597591871,14.322631062136205,32.3203951030644,18.85370580498013,27.87263922187567,22.40696511007534,22.879821541045345,25.060833706077347,17.484040142785904,26.895457981966096,11.805551925173061,27.975069915228488,5.9471646919304195
-50.66783100677699,0.0,-50.31156794368486,5.495239274965204,-49.26320821820048,10.899839094414302,-47.49371716381826,16.122283536481046,-44.95878514650478,21.061787965612638,-41.6077051506768,25.604381482448623,-37.399798954554456,29.62087029286305,-32.33070390532365,32.9688263996799,-26.466724662399994,35.501464693963385,-19.97611360690337,37.085378689568486,-13.135912603538452,37.625014587705664,-6.295711599816736,37.08537869099962,0.19489945615131227,35.501464695616214,6.05887869814786,32.96882639955019,11.127973743191294,29.620870288776263,15.335879929965943,25.60438147264823,18.68695990899932,21.06178794916364,21.22189189774241,16.122283513450824,22.99138289889079,10.899839065854794,24.0397424803214,5.495239242739917
-47.225579267595165,0.0,-46.88370643208609,5.020757594272918,-45.88343506865154,9.95109884730361,-44.20616619750644,14.701262517046528,-41.82519808174801,19.174677020667353,-38.71421412138977,23.265600937456938,-34.8611491399235,26.858744236108382,-30.287712627360605,29.8323498999016,-25.071657193860425,32.066285943882036,-19.363635951321154,33.455624575004364,-13.386597065936439,33.927485364637114,-7.409558180062174,33.45562457715584,-1.7015369368653397,32.0662859463784,3.5145184953490083,29.832349899704482,8.087955001943897,26.85874422984897,11.941019969806723,23.265600922337793,15.052003905316159,19.17467699512979,17.43297197833672,14.70126248110826,19.110240769463086,9.951098802571535,20.11051191640844,5.020757543685881
-43.78372157940864,0.0,-43.461702289968585,4.525722615607474,-42.52539204089928,8.963415895760097,-40.965260423996945,13.227194808712177,-38.769264550835985,17.226669143618565,-35.93012583767949,20.865801952183705,-32.45610395945954,24.04357177802696,-28.384572912689656,26.657355628377474,-23.795622808081543,28.609731038284092,-18.82032595751563,29.818484929948507,-13.637281696432948,30.227986460000416,-8.45423743474638,29.818484932822383,-3.47894058335858,28.60973104163118,1.1100095196493596,26.657355628111677,5.181540558821303,24.043571769535447,8.6555624194064,20.865801931544055,11.494701099867465,17.22666910855829,13.690696916216329,13.227194759141922,15.250828426239984,8.963415833847437,16.187138386156622,4.525722545443067
-40.34227371703794,0.0,-40.045226431515246,4.01221082634576,-39.18756486711137,7.940947884069288,-37.76709379756439,11.706232170797863,-35.7831144600446,15.2255721917957,-33.242095021464436,18.41369297218139,-30.16540054052612,21.183743642236113,-26.598100964666294,23.450487558460352,-22.616705138955897,25.13568690293837,-18.332590683263806,26.175240217559573,-13.887966158832208,26.526719881745596,-9.44334163369478,26.175240221157523,-5.1592271770319025,25.13568690714126,-1.1778313532050424,23.450487558125108,2.3894682135398515,21.183743631469163,5.466162672992274,18.413692945869574,8.007182071209849,15.225572146876695,9.991161337936646,11.70623210702205,11.411632273695265,7.94094780416338,12.26929347609588,4.012210735613274
-36.90125025272084,0.0,-36.63386754021089,3.48236324244855,-35.86816190014707,6.887908315592163,-34.607322183636526,10.144445342892455,-32.85855976367799,13.178837693010577,-30.63712641730953,15.917279967350963,-27.971410037970713,18.28668729996701,-24.90820933209803,20.21743361312792,-21.516725368356145,21.64741551016868,-17.889471518544987,22.526998541621502,-14.138650621231521,22.823928317903498,-10.387829723118266,22.52699854594419,-6.760575872197626,21.647415515230637,-3.369091910602393,20.217433612722672,-0.3058912152818701,18.286687286895134,2.3598251388554123,15.917279935260026,4.581258437339121,13.178837637989245,6.33002077260873,10.14444526448506,7.590860328392865,6.887908217078164,8.35656553346117,3.482363130389852
-33.46066382524611,0.0,-33.22713888336561,2.9383765586302144,-32.565147736528644,5.808552188076292,-31.481244038723123,8.547816906140381,-29.9872118494105,11.093588138063856,-28.10263556787489,13.383961948636289,-25.857952430484175,15.359042498634897,-23.297313078650625,16.963137958192657,-20.48035326235099,18.147714319968323,-17.48194719235871,18.874748611048716,-14.389335083630783,19.11989149758102,-11.296722974013406,18.87474861609686,-8.298316902778932,18.147714325891105,-5.481357088877555,16.963137957717116,-2.920717748983755,15.35904248324038,-0.6760346404189947,13.383961910700155,1.208541585814372,11.093588072783705,2.7025736766112387,8.547816812819605,3.786477186742203,5.808552070538712,4.448467825498371,2.9383764247259565
-30.020525257062783,0.0,-29.82448696030671,2.382494482529137,-29.276278247523315,4.707164169708412,-28.383872636814726,6.922240856239327,-27.160567510945405,8.976652179375105,-25.62645952347917,10.820625056601486,-23.81009131884741,12.406813645949073,-21.749823854627966,13.691969633731583,-19.49442572054948,14.639035329748085,-17.10242844679418,15.21939631311652,-14.640019546030047,15.414921820005514,-12.17761064428822,15.21939631888997,-9.785613369160298,14.639035336532109,-7.53021523772745,13.691969633185641,-5.469947786812882,12.406813628225185,-3.653579614584392,10.820625012791464,-2.1194716897764514,8.976652103762762,-0.896166676202348,6.9222407478649925,-0.003761280112081606,4.707164032932025,0.544446851463193,2.3824943265035787
-26.580843510967526,0.0,-26.425300825766865,1.816999263829717,-25.99913551647052,3.588049066309471,-25.30999914792377,5.27352771095862,-24.370067935136674,6.8346052877129315,-23.196831151901385,8.233733343094578,-21.81392274299655,9.435502186970758,-20.251717979932238,10.407858029055713,-18.54741432092248,11.123574915767968,-16.74438147661817,11.561790107926553,-14.890704008428035,11.709359323839116,-13.037026539170808,11.561790114425026,-11.233993693362466,11.123574923412503,-9.529690037248079,10.407858028439449,-7.967485288856675,9.435502166920534,-6.58457691592834,8.233733293417206,-5.411340202691924,6.834605201774864,-4.471409115958237,5.273527587529802,-3.782272988957591,3.588048910279625,-3.3561083339866964,1.8169990856539635
-23.141625654632257,0.0,-23.02892210766239,1.2442034160049262,-22.73116252952885,2.455524278343891,-22.254247575446282,3.6074140498480443,-21.607136161052978,4.673814031786513,-20.802328326489704,5.6294155121188725,-19.8563661927699,6.450222436651424,-18.790164734063783,7.114403528572918,-17.628999955703648,7.603343048766285,-16.40203916600566,7.902738723531184,-15.141388470827344,8.00356608550346,-13.88073777448908,7.902738730753746,-12.653776983151559,7.603343057269461,-11.492612207944855,7.114403527886553,-10.426410765306796,6.450222414287278,-9.48044867117498,5.629415456614587,-8.675640913982905,4.673813935606886,-8.028529639408827,3.6074139115013963,-7.551614953774962,2.455524103246392,-7.25385610302104,1.2442032158989267
-19.70287683307177,0.0,-19.634655572991498,0.6664416166882445,-19.4696974504455,1.313913908746594,-19.211122761343145,1.9295754746021878,-18.863197938657326,2.5004826546398204,-18.431806212242282,3.0135476652259654,-17.92496130587989,3.4558043350459213,-17.353201373180063,3.8149699691308268,-16.729723288939937,4.080218083301965,-16.070171938157088,4.243023562646405,-15.392072933226606,4.297920150010592,-14.713973927037506,4.243023570591832,-14.054422574472671,4.080218092660738,-13.430944493658158,3.814969968374872,-12.859184578472325,3.4558043103895133,-12.352339715389794,3.013547603968358,-11.920948073797367,2.500482548379634,-11.573023404734363,1.9295753216109781,-11.314449010949623,1.3139137149675617,-11.149491688721682,0.6664413951213425
-16.26460024916444,0.0,-16.24178009913427,0.08606276293122696,-16.212007435861832,0.16754415643728096,-16.175052916843867,0.2456420693083346,-16.12969048485225,0.3207010214315004,-16.074318658366938,0.39183260900181616,-16.00767092408721,0.4568864567404251,-15.929442433828989,0.512764297734522,-15.840687191009396,0.5559917500154705,-15.74389817676633,0.5834075674266102,-15.642757395625866,0.5928091101510019,-15.541616613120016,0.583407576093247,-15.44482759694245,0.5559917602256682,-15.356072357840862,0.5127642969095276,-15.277843886617243,0.45688642982257727,-15.211196199431317,0.3918325420979532,-15.155824465346187,0.3207009053286823,-15.110462200848533,0.24564190208231945,-15.073508003975215,0.16754394456255084,-15.043736213791195,0.08606252062138817
-12.826797152255976,0.0,-12.849559911430989,-0.49457785014335304,-12.955322044891549,-0.979260386586108,-13.140428292999635,-1.4387844810649677,-13.398063234329278,-1.8595066913145428,-13.719033117329865,-2.230123395627651,-14.092689475569825,-2.5419975648510653,-14.507811947337814,-2.7890920648580946,-14.953292251399931,-2.967592033880175,-15.418519246719505,-3.0753581210679513,-15.89344185802517,-3.1113765407201677,-16.368364467848025,-3.075358111682334,-16.8335914610673,-2.9675920228238675,-17.27907176916639,-2.7890920657513036,-17.694194261588915,-2.5419975939898256,-18.067850670900885,-2.2301234680363535,-18.388820654051234,-1.8595068169439923,-18.64645577684122,-1.4387846619788651,-18.831562373869602,-0.9792606157716403,-18.93732545296947,-0.494578112231582
-9.38946683487114,0.0,-9.457255951132916,-1.073126263881851,-9.69686636389331,-2.1221799265089367,-10.101637694568867,-3.1181128960045577,-10.659774373354182,-4.034132997967963,-11.355142473979909,-4.846735375244421,-12.168254690657513,-5.536336185022693,-13.077288026103501,-6.087496222048436,-14.058989545842554,-6.488801537261239,-15.089367140435602,-6.732528613238696,-16.14412632042316,-6.814250151051882,-17.19888549879689,-6.732528603136483,-18.229263091107082,-6.488801525365366,-19.210964615235785,-6.087496223008861,-20.11999797308185,-5.536336216331583,-20.93311024501648,-4.846735452980554,-21.628478453757317,-4.0341331327276,-22.186615328088653,-3.1181130899208025,-22.5913870343971,-2.1221801720221722,-22.83099846507869,-1.0731265445408136
-5.952606805618065,0.0,-6.0641374082418436,-1.6472375441140865,-6.433894171870656,-3.2569025434057703,-7.053104747901816,-4.786744175537516,-7.906286929222383,-6.197138125773617,-8.971776792041817,-7.452364721580374,-10.222460377408384,-8.521557746889115,-11.626649947851572,-9.379297532163527,-13.149036583545291,-10.005882085501234,-14.75165443601384,-10.387359855949358,-16.394810950919677,-10.51543561504582,-18.03796746406374,-10.387359845133654,-19.64058531404608,-10.005882072773888,-21.162971954524085,-9.379297533190103,-22.567161549266615,-8.521557780305914,-23.817845194325308,-7.452364804427735,-24.883335173482088,-6.197138269183123,-25.73651756457256,-4.786744381629731,-26.355728542871073,-3.256902804066495,-26.72548639638616,-1.6472378418976448
-2.5162121296328244,0.0,-2.6694922782773283,-2.214583462844971,-3.163720300786049,-4.379127546819465,-3.9893246555866146,-6.439054085662058,-5.129066969813299,-8.34240136791094,-6.5579167195811525,-10.041243441408191,-8.243066754771666,-11.49294603702773,-10.144216800520034,-12.6612285017912,-12.214241466257498,-13.517018799393417,-14.400315330261746,-14.039102399104834,-16.645495413318933,-14.214573906058742,-18.89067549444543,-14.03910238757898,-21.076749355734645,-13.517018785844153,-23.14677402670246,-12.661228502882276,-25.047924098834738,-11.492946072477812,-26.733074198446662,-10.04124352910882,-28.161924073067777,-8.342401519401736,-29.301666611439067,-6.439054302960429,-30.12727139504399,-4.379127821251874,-30.6215005790424,-2.2145837760746447
0.91972354203563,0.0,0.7273606678147653,-2.7728602127779944,0.1162451499302332,-5.484569501354167,-0.9049056609848342,-8.069377010427878,-2.319590099415161,-10.463673148827818,-4.102314183234624,-12.607396483868323,-6.2173086972752625,-14.445550658501396,-8.617570007460344,-15.929829089026066,-11.244682840784826,-17.02029438058725,-14.029829100870687,-17.68699331850001,-16.89617987571819,-17.91132931248571,-19.76253064844019,-17.686993306268047,-22.54767690555112,-17.020294366227553,-25.17478974461516,-15.929829090179934,-27.5750510834886,-14.44555069589553,-29.690045667018705,-12.607396576117788,-31.47276988453319,-10.463673307737658,-32.88745456163708,-8.069377237815507,-33.9086058277729,-5.484569787988818,-34.51972257834819,-2.7728605395504236
4.355208616181072,0.0,4.127061995760554,-3.319796189534941,3.4084640241284716,-6.5689633020251765,2.2053865220837006,-9.671991971798652,0.5306432141688867,-12.55452834155111,-1.5934209432032596,-15.144561208015158,-4.131697140511682,-17.374089178404272,-7.033245542439364,-19.1813602273729,-10.229384982786229,-20.513638651176283,-13.634009170441145,-21.330245088703208,-17.146864338116227,-21.605395257749162,-20.659719503438755,-21.330245075769596,-24.064343687821196,-20.51363863601982,-27.260483134494113,-19.181360228587536,-30.162031567673722,-17.374089217636666,-32.700307839923276,-15.144561304457547,-34.824372140183044,-12.554528507117709,-36.499115701449604,-9.671992208008481,-37.70219368498248,-6.568963599101696,-38.42079296006719,-3.319796527730616
7.7902533530066,0.0,7.530201415349693,-3.853159870330806,6.715236225564848,-7.628070662491683,5.3465773187738925,-11.241111683211269,3.430076729045924,-14.6083216283052,0.980667197029439,-17.646103327818473,-1.971816190159737,-20.272837868015976,-5.3763866347018565,-22.41170165884837,-9.155929207576287,-23.9947657363599,-13.205742750244324,-24.968029874148222,-17.39754880051677,-25.296499597659455,-21.589354848169492,-24.968029860518254,-25.639168387221726,-23.994765720423167,-29.41871096710351,-22.411701660121256,-32.823281445764714,-20.272837908961577,-35.775764913774374,-17.64610342804021,-38.225174598238084,-14.608321799658917,-40.141675456129136,-11.241111926822379,-41.51033487049383,-7.628070968062205,-42.32530143402407,-3.8531602176243838
11.22486982229201,0.0,10.93730842827071,-4.3707678095946445,10.038665863483436,-8.657688354807567,8.523424698381449,-12.770875581600981,6.38704832951797,-16.618146045901184,3.6322443505598203,-20.10492910884815,0.2778827039378635,-23.13550772620394,-3.63034326961534,-25.616228109181062,-8.009973095649412,-27.46109348573041,-12.73665586819243,-28.599457169179423,-17.648233262914747,-28.984409302541803,-22.559810654699746,-28.59945715485898,-27.28649342322792,-27.46109346903323,-31.666123257067483,-25.616228110509113,-35.57434926796065,-23.135507768714596,-38.92871100175222,-20.104929212370347,-41.68351514308988,-16.61814622205749,-43.81989179503349,-12.7708758310356,-45.335133493577885,-8.657688666741675,-46.23377750191103,-4.3707681634667175
14.65907185221617,0.0,14.348843786101648,-4.870492761904448,13.380627510949209,-9.653658504903499,11.740352282998215,-14.25534786549737,9.409715604230291,-18.57679630954765,6.37399678341176,-22.513394255808162,2.6342832079203298,-25.95510244513013,-1.7762053316115847,-28.789656389770727,-6.774641125857731,-30.9096377543491,-12.216669188781008,-32.223541851016854,-17.898917725314067,-32.668934447520996,-23.58116625852815,-32.223541836013204,-29.02319431696945,-30.9096377369156,-34.021630119964314,-28.78965639115036,-38.43211870046734,-25.95510248903062,-42.17183236998505,-22.513394362078486,-45.20755136348004,-18.576796489398717,-47.53818834031177,-14.255348119018375,-49.17846412731953,-9.653658820894194,-50.14668191531242,-4.8704931196546974
18.092874971132275,0.0,17.765191896533263,-5.350271930878946,16.74273298619909,-10.611881201389483,15.001373698513241,-15.688521639668055,12.505951944752479,-20.476739060382,9.218960519268853,-24.863210908933063,5.115791202245334,-28.723755186488702,0.2077434434650616,-31.92585411367412,-5.42973712121815,-34.336871182232194,-11.633393012612075,-35.839158309720496,-18.14960218771333,-36.349931451529585,-24.66581135903165,-35.839158294041695,-30.869467245393306,-34.336871164092315,-36.50694781994954,-31.925854115100783,-41.414995623805616,-28.723755231571307,-45.5181650422502,-24.863211017316154,-48.80515665104875,-20.47673924268899,-51.30057871787354,-15.688521895378138,-53.04193858993939,-10.611881518961077,-54.06439908189946,-5.35027228964092
21.526296342499595,0.0,21.186654313957078,-5.808115329662406,20.12629923975666,-11.528329614236977,18.310008332885285,-17.06433031149359,15.68320815015986,-22.310092818162683,12.180417670238459,-27.145355563782317,7.742485620282107,-31.4325417269144,2.3466604031389324,-35.017598346213454,-3.950710547593228,-37.738531607427845,-10.971282629955473,-39.4449740278515,-18.400286650112587,-40.027305523278,-25.82929066591565,-39.44497401150801,-32.84986274259322,-37.73853158861886,-39.14723370455088,-35.01759834768179,-44.54305897141787,-31.43254177293301,-48.98099113074766,-27.145355673549663,-52.483781804922046,-22.31009300154795,-55.110582315668914,-17.0643305673358,-56.92687383191901,-11.528329930754923,-57.98723055603111,-5.8081156864197645
24.959354693286624,0.0,24.61344444601238,-6.2421142247398995,23.532318107938046,-12.399067742644554,21.669189477219806,-18.37666737828162,18.94833523957623,-24.068621105446336,15.271710865055296,-29.349982653950303,10.536199015241207,-34.07126908731619,4.669868881100359,-38.05626976649012,-2.307283368810155,-41.1093584257735,-10.210430386391687,-43.039352154334246,-18.6509711125119,-43.701012289942625,-27.091511833565118,-43.03935213733896,-34.99465884468464,-41.10935840634316,-41.97181110746275,-38.05626976799339,-47.83814129659289,-34.07126913397806,-52.57365326429388,-29.349982764269242,-56.25027784424481,-24.068621288387472,-58.97113242475796,-18.376667632042615,-60.83426168950283,-12.3990680553275,-61.91538974529834,-6.242114576344233
28.392070236140995,0.0,28.04568359945289,-6.6504496204828,26.96142886432881,-13.220270816890777,25.081166825344646,-19.619415661984707,22.307365756799335,-25.743742876587774,18.505951561769383,-31.466351081887062,13.520475257369188,-36.62824177008334,7.211654950009356,-41.03146515551936,-0.4616105557798646,-44.44272484436243,-9.324795233489859,-46.62020605552631,-18.901655574909878,-47.37105860111381,-28.478515910358748,-46.62020603789565,-37.341700580676914,-44.442724824372114,-45.01496610134705,-41.03146515704907,-51.323786469656234,-36.62824181704114,-56.309262900998654,-31.466351191810222,-60.110677312793854,-25.743743057413543,-62.88447873887891,-19.619415911300823,-64.76474143617102,-13.220271122825114,-65.84899795638827,-6.650449963672827
31.82446441755522,0.0,31.48339830816577,-7.03140072756296,30.413894481982428,-13.988248267433084,28.54740630854201,-20.78648686049552,25.76525345317607,-27.326564926125034,21.895595881331992,-33.48277417350117,16.720326652302234,-39.09001303427925,10.012079096442058,-43.93050919583086,1.634193529002328,-47.73011823727824,-8.279539754152436,-50.18477723867299,-19.152340205405064,-51.037502516120554,-30.02514064951932,-50.18477722042908,-39.93887392416865,-47.73011821680865,-48.31675950898284,-43.930509197376644,-55.02500713252015,-39.0900130811211,-60.20027649804174,-33.4827742819567,-64.06993429804585,-27.32656510301462,-66.85208752537811,-20.786487102862726,-68.7185763810407,-13.988248563590155,-69.7880820593065,-7.031401058985244
35.25656050097008,0.0,34.92652004569069,-7.383353344750652,33.88958380609921,-14.6994690477836,32.06849269853048,-21.871871966779274,29.32557666122294,-28.807941209901557,25.451864332657927,-35.38660724005933,20.161683199288408,-41.44113734541205,13.117674402810795,-46.73784778913975,4.041372297768573,-50.96039714954816,-7.026909880814328,-53.72928687048728,-19.403024667805646,-54.700452496845664,-31.779139446121015,-53.72928685166124,-42.84742161486926,-50.9603971287072,-51.92372374040513,-46.73784779068839,-58.96773261211668,-41.44113739165095,-64.2579138919393,-35.3866073458433,-68.13162646000737,-28.80794138088848,-70.87454288340929,-21.87187219956746,-72.69563469676457,-14.699469331039685,-73.73257285511775,-7.3833536609816885
38.68838246372732,0.0,38.37488487234583,-7.704808071222266,37.387958359758564,-15.350588959652677,35.64403816709292,-22.869702639286285,32.990213026089286,-30.17856378421887,29.1839861334508,-37.16429075535841,23.87039067103432,-43.66395345689497,16.58177065501885,-49.43431370338777,6.838905030587627,-54.11871891515478,-5.499666426911173,-57.2483709289228,-19.653709130204913,-58.360065840324225,-33.807751822748905,-57.24837090955905,-46.146323268846494,-54.11871889408929,-55.88918891771102,-49.4343137049228,-63.17780901738123,-43.663953501958645,-68.49140463650346,-37.1642908571316,-72.2976317798195,-30.178563947200608,-74.95145732070996,-22.869702859758227,-76.69537824241634,-15.350589226811769,-77.68230674022276,-7.704808368791715
42.11995557017532,0.0,41.82823642325431,-7.994388255950079,40.90806836613649,-15.938479485600233,39.27260700888983,-23.774322983471407,36.75900653160079,-31.42908911840734,33.098272258127885,-38.801470276193335,27.870596749002896,-45.73844635015232,20.46397743330783,-51.99627944835485,10.12906996678466,-57.18498473226036,-3.6002573767787394,-60.734129492916814,-19.90439359260422,-62.01654639565781,-36.208529794805656,-60.7341294730817,-49.937857125178255,-57.1849847111733,-60.272764621151495,-51.99627944985534,-67.67938402977671,-45.73844639337464,-72.90705970599318,-38.801470372483976,-76.56779424103998,-31.42908927116201,-79.08139513166225,-23.774323188806946,-80.7168572409569,-15.938479733419502,-81.6370273496338,-7.994388531365134
45.55130609991087,0.0,45.28622972840391,-8.250847582611282,44.44855657429396,-16.460257494266298,42.95166163332337,-24.580370439626442,40.62945015912455,-32.5503016404225,37.19704582229537,-40.28321528728657,32.18236657397746,-47.64225983431443,24.828037571753303,-54.394765432755555,14.043889338114743,-60.1315957516291,-1.1823430536794397,-64.1744560164525,-20.155078055002207,-65.6701416180734,-39.12781303858949,-64.17445599625046,-54.35404541529393,-60.13159573080497,-65.13819368480483,-54.39476543419537,-72.49252279000967,-47.64225987493096,-77.50720221575,-40.28321537650182,-80.93960682468415,-32.55030178063397,-83.26181872533849,-24.580370626951733,-84.75871444120571,-16.460257719484183,-85.59638971321478,-8.250847832381936
48.98246124012467,0.0,48.74843685007337,-8.473077183261204,48.007671792569255,-16.91331505631519,46.67753866506289,-25.28286360856077,44.59641900532911,-33.533313391270994,41.47750624350107,-41.594356249044466,36.81844819858876,-49.35095591445673,29.73687751898517,-56.59467260686073,18.750914851232316,-62.92028881584161,1.9818213866944032,-67.54995560951915,-20.405762517400195,-69.32113901939583,-42.79334639766114,-67.54995558912233,-59.562439845463324,-62.92028879568243,-70.54840255730468,-56.59467260820773,-77.62997335053812,-49.35095595160764,-82.28903158294973,-41.59435632949328,-85.4079446269979,-33.533313516562366,-87.48906472604534,-25.28286377498274,-88.81919865124847,-16.913315255681432,-89.5599658931209,-8.473077403926325
52.413448974399984,0.0,52.21435410767414,-8.660112172201385,51.58329254264632,-17.29534850680945,50.44546222586332,-25.877293956521044,48.651993262104405,-34.36979462720647,45.930657045316536,-42.71995017237849,41.780295625495576,-50.83863204417687,35.2434000416809,-58.55447438030897,24.453726979766895,-65.49793935446405,6.260484811170312,-70.8279571260777,-20.656446979800723,-72.96986207895829,-47.573378737524045,-70.82795710578594,-65.76662088893762,-65.49793933553792,-76.55629400532617,-58.55447438152423,-83.09318971372184,-50.838632076921456,-87.24355133067864,-42.719950242307355,-89.9648878393864,-34.369794735182566,-91.75835725514928,-25.87729409916592,-92.89618839250971,-17.295348677116902,-93.52725220864036,-8.660112360355132
55.84429796840778,0.0,55.683410787948844,-8.811137493344186,55.17296100900359,-17.604385823203827,54.24960010107889,-26.359717525189986,52.78541186459121,-35.05222542847216,50.540480949446994,-43.64586852926968,47.05378858992745,-52.07899552030214,41.37587902713092,-60.22691935266825,31.376103950917475,-67.7917868407898,12.269000164714047,-73.9502898125744,-20.90713144220003,-76.61666568226475,-54.08326300075867,-73.9502897929421,-73.19036677273262,-67.79178682388358,-83.19014191613199,-60.226919353706904,-88.86805161433571,-52.07899554764844,-92.35474418004381,-43.645868586911945,-94.59967539644678,-35.05222551676925,-96.06386409758825,-26.359717641244995,-96.98722584919405,-17.604385961321483,-97.49767794638078,-8.811137645662768
59.27503745292141,0.0,59.15497919834867,-8.925492980081629,58.77392698060662,-17.838811367625013,58.08316597634217,-26.726842151573155,56.98319211579832,-35.5741534928227,55.28357853683749,-44.359477565886536,52.60552698128248,-53.04693357226309,48.118574135807975,-61.5614643851104,39.709258348005726,-69.70615522845489,21.04118666600714,-76.80767462056563,-21.157815904600554,-80.26193115684919,-63.35681840212046,-76.80767460267133,-82.02489008065317,-69.70615521460462,-90.43420595016202,-61.56146438592349,-94.92115894120563,-53.046933593214526,-97.59921071133796,-44.35947760952335,-99.29882460063885,-35.57415355916355,-100.39879893859315,-26.726842238330203,-101.08956081001119,-17.838811470531198,-101.47061541367454,-8.925493093349928
62.70569710468892,0.0,62.628385883306684,-9.002677536177346,62.383200964513165,-17.997387074980217,61.93856756386254,-26.976105397122936,61.22943708745627,-35.93043925323515,60.12947360390886,-44.85035361998145,58.380962243632865,-53.72049422753747,55.39208784020623,-62.50903093979787,49.49939815927053,-71.12589172593073,34.152845820862794,-79.18959586874254,-21.40850036699726,-83.90606097588697,-76.9698464434903,-79.18959585468794,-92.3163988026965,-71.12589171636402,-98.20908857984497,-62.5090309403366,-101.19796313774204,-53.720494241154725,-102.94647472030307,-44.85035364801007,-104.0464385231457,-35.93043929548634,-104.75556948997664,-26.976105452022264,-105.2002037817631,-17.99738713979557,-105.44539115482799,-9.002677607315372
66.13630692533773,0.0,66.10292378805408,-9.042352359282573,65.99761513498626,-18.079269258061306,65.80759654106937,-27.105738494058077,65.50633161878932,-36.11746733659368,65.04171030282313,-45.11095199591683,64.30566576229624,-54.08302268824036,63.042975484706844,-63.02893281513377,60.49163803942727,-71.93449497516731,52.997673096633726,-80.7236419875591,-21.65918482939652,-87.54947320073026,-96.31604260036718,-80.7236419808035,-103.81000759686086,-71.93449497107689,-106.36134514951316,-63.028932815355724,-107.6240355886464,-54.0830226937102,-108.36008035850429,-45.11095200691959,-108.82470200272088,-36.11746735282069,-109.12596742883277,-27.105738514730078,-109.31598693850225,-18.079269282080517,-109.42129811497902,-9.042352385371135
69.56689695145225,0.0,69.57786495899995,-9.044343144949984,69.6138901445099,-18.08402034548406,69.68165210728638,-27.11481219054097,69.79480201428063,-36.133304087612174,69.9797253899244,-45.137136631002186,70.29044471605634,-54.12504341838683,70.85368111106727,-63.09643872713112,72.04885428568257,-72.04945781634254,75.75233595755685,-80.96772464486185,158.09013054010677,-88.80740426655709,-119.57207470932606,-80.96772464837964,-115.86859310000135,-72.04945781851296,-114.67342003706186,-63.09643872700659,-114.11018380840117,-54.12504341508516,-113.79946471799435,-45.13713662380722,-113.61454167964463,-36.13330407612868,-113.50139229038138,-27.114812174844158,-113.43363126870872,-18.084020326205742,-113.39760867663291,-9.044343123255658
72.9974978036544,0.0,73.05247452116674,-9.008641227786654,73.2287066220673,-18.01161506090615,73.55198770499464,-27.003261399472294,74.07529057472169,-35.977784832312054,74.90130665641195,-44.928486969636694,76.23981569084617,-53.84543394609522,78.57647695369039,-62.70820095388158,83.30916731649108,-71.45791017220122,96.40278853351886,-79.8286462256743,157.8394460777076,-85.16413954910685,-140.7238962417143,-79.82864623859571,-127.63027505932578,-71.45791018072457,-122.89758480448563,-62.708200953397814,-120.56092371030236,-53.84543393363047,-119.22241491729328,-44.92848694336271,-118.39639918204851,-35.97778479171869,-117.87309684449279,-27.003261345525907,-117.54981672882174,-18.01161499605999,-117.37358729234559,-9.00864115578555
76.42813955499037,0.0,76.52602313300015,-8.935403637070927,76.83877640613319,-17.862440780281258,77.40996454155368,-26.771886938802275,78.32857367877239,-35.65252140821909,79.7652963892519,-44.48832983003416,82.06202721169898,-53.251568926809426,85.98045823997245,-61.883039218440416,93.53250046940762,-70.22297016056578,111.37703594701624,-77.68400666247402,157.58876161530836,-81.52030270930769,-156.19951262043662,-77.68400668166375,-138.35497714653363,-70.2229701748948,-130.8029350153903,-61.883039217602175,-126.88450415561535,-53.25156890503638,-124.58777357949006,-44.48832978411331,-123.15105122465413,-35.6525213374296,-122.2324426345796,-26.771886845011736,-121.66125549339796,-17.862440667851917,-121.34850495669792,-8.935403512471037
79.85885228000858,0.0,79.99780099355895,-8.82495206571659,80.44091434954477,-17.63729205183088,81.24730050496157,-26.422334241141325,82.53655023096205,-35.160829129685936,84.53413795905944,-43.8234906880088,87.6781555768889,-52.35839312910831,92.89112853125248,-60.65768615467094,102.34087996187357,-68.45463797048383,121.42181739884381,-74.95724098409399,157.3380771529091,-77.87547163932535,-166.74566302652522,-74.95724100713224,-147.66472557570415,-68.45463798974723,-138.21497423116062,-60.65768615349677,-133.00200144291344,-52.358393098110724,-129.85798407534816,-43.82349062218576,-127.86039671200513,-35.160829027938334,-126.57114754858642,-26.422334106215985,-125.76476241520915,-17.637291890078153,-125.32165186870934,-8.82495188647867
83.28966576439004,0.0,83.46713060083015,-8.677770773103768,84.03210572502813,-17.337359512368536,85.05629787104837,-25.957050515282088,86.68292681507333,-34.50758115837572,89.17590082813349,-42.94380712976677,93.02819971532112,-51.18668219562793,99.2076221404916,-59.07953841122595,109.70057401096467,-66.27138538750869,128.22530727417015,-71.90881949952967,157.08739269051105,-74.22923785759711,-174.0505218455118,-71.90881952507453,-155.52578856132106,-66.27138541081557,-145.03283676480936,-59.07953840974292,-138.8534145015762,-51.18668215567751,-135.00111586749884,-42.943807044075896,-132.50814222803356,-34.507581025229285,-130.88151386237507,-25.957050338244652,-129.85732276696302,-17.33735929984344,-129.292350526347,-8.677770537460287
86.72060938351923,0.0,86.93337900059893,-8.494503463090963,87.60956801717533,-16.96421366535453,88.83003891251656,-25.379223267442917,90.75374656384116,-33.69900553579098,93.66555759394997,-41.86148289014204,98.07332356256295,-49.7609285420673,104.89728321418978,-57.19931233965827,115.77154237745928,-63.77607289732648,133.00514164966043,-68.67527054069834,156.83670822811308,-70.5812121400186,-179.33172515783303,-68.67527056804313,-162.09812586290755,-63.77607292392188,-151.22386676288752,-57.1993123378968,-144.39990726772385,-49.760928493570475,-139.99214155388668,-41.86148278486854,-137.08033090574781,-33.69900537111017,-135.15662384876862,-25.379223047630898,-133.9361540332882,-16.964213400911255,-133.2599679754036,-8.494503169563346
90.15171198276528,0.0,90.39596911173997,-8.275949197534903,91.17080507629595,-16.51978418369285,92.56254065345871,-24.692704174549032,94.73773200563471,-32.74244467002931,97.98545883324962,-40.590375156502766,102.7946908455864,-48.10728814817053,109.97756976066893,-55.065578911781415,120.77534832648549,-61.04866039845811,136.49662396648773,-65.32824835738725,156.58602376571255,-66.93102991463469,176.67542359261876,-65.32824838614748,-167.60330074527144,-61.04866042775782,-156.8055222337575,-55.06557890977149,-149.62264346886678,-48.107288091615246,-144.81341171179488,-40.59037503213421,-141.56568527388552,-32.7424444739577,-139.39049453205874,-24.692703911608895,-137.99876006458288,-16.519783866496493,-137.2239271347869,-8.275948844948534
93.58300175981674,0.0,93.85438990949973,-8.023057422201124,94.71365223664519,-16.006335551337337,96.24886409000608,-23.901922945724454,98.62643821641639,-31.646098363357748,102.12510420722379,-39.1453005357629,107.19010617887605,-46.25188888242283,114.49589464725038,-52.7216883574553,124.92506918454798,-58.14807892401844,139.1367565683934,-61.907235386556195,156.33533930331322,-63.278356348678926,173.5339220605054,-61.90723541651104,-172.25439053502726,-58.148078955588346,-161.82521604475488,-52.721688355224,-154.51942771993976,-46.25188881833259,-149.45442600295831,-39.14530039293855,-145.95576040882602,-31.646098136285172,-143.57818690862769,-23.901922639599665,-142.04297619522427,-16.006335180867833,-141.1837169797874,-8.023057009698418
97.0145061495223,0.0,97.30820528261602,-7.736922195380931,98.23631151462854,-15.426439954306888,99.8851771358867,-23.01179598468924,102.41423471588091,-30.41876980814145,106.08040157614879,-37.54142304311254,111.26978152872339,-44.21962681023746,118.51341496820535,-50.204635061642215,128.40027996627995,-55.116871026975645,141.19247994701587,-58.43524350986811,156.08465484091397,-59.62289105702835,170.9768297532603,-58.435243540884144,-176.23097024707127,-55.11687106049774,-166.3441052901633,-50.20463505921332,-159.1004719875927,-44.21962673913713,-153.9110922881766,-37.54142288257533,-150.24492583072333,-30.418769550667545,-147.71586889251498,-23.011795635603427,-146.06700444179222,-15.426439530359255,-145.13890139921838,-7.736921722432344
100.44625171172761,0.0,100.75706141808345,-7.418775719422871,101.73737652203212,-14.782948371432358,103.46877402205922,-22.02763441696664,106.09814954038333,-29.069630212610786,109.85263229888497,-35.79376003237508,115.05222133465264,-42.033437980103294,122.09430965279766,-47.5451350130121,131.34392563518395,-51.98567297040275,142.833105296834,-54.92640406079562,155.833970378516,-55.96437236224759,168.83483547586061,-54.92640409278843,-179.67598484517407,-51.9856730056439,-170.42636889924768,-47.5451350104057,-163.38428071160223,-42.03343790249658,-158.18469192677023,-35.79375985493041,-154.43020957639257,-29.069629925508163,-151.8008347150224,-22.027634025403778,-150.06943841627992,-14.782947894113883,-149.08912658016817,-7.418775185835606
103.87826402252215,0.0,104.20069260729579,-7.069981281488196,105.21584721382031,-14.078960800825936,106.99805653755796,-20.95505546461307,109.67761584701407,-27.608012914732065,113.44731628929875,-33.916816983286466,118.56077332420037,-39.71395668550394,125.29972949194861,-44.76830172792038,133.8671373205808,-48.77671309816977,144.17013639608868,-51.38980585974313,155.58328591611667,-52.30258103797979,166.99643544972704,-51.389805892657165,177.29943454110543,-48.77671313495748,-174.1331576629337,-44.76830172515319,-167.39420161967755,-39.71395660186002,-162.28074483300077,-33.916816789768944,-158.51104480337685,-27.608012598911692,-155.83148616555908,-20.955055031295426,-154.0492780738981,-14.078960270550807,-153.03412681415088,-7.069980687412996
107.31056756935477,0.0,107.63892540759986,-6.692025712101097,108.67113500662981,-13.317796496651283,110.47248418455939,-19.799900356873394,113.15416125915554,-26.043242985340516,116.87311945536635,-31.924343815154522,121.82102518845689,-37.27944871786634,128.184963938862,-41.894525103020285,136.05573166181168,-45.50632777538501,145.27959310407192,-47.83154004439059,155.33260145371742,-48.63734347038041,165.38560981535989,-47.8315400781878,174.6094712722422,-45.506327813589984,-177.5197610344196,-41.89452510010619,-171.15582240300571,-37.27944862861423,-166.20791691515743,-31.92434360640321,-162.48895913547372,-26.043242641820548,-159.80728274667902,-19.79989988273954,-158.00593483154768,-13.317795914133244,-156.97372865864403,-6.692025058037088
110.74318548231444,0.0,111.07168096403134,-6.286511468616505,112.1030589622488,-12.502964992138649,113.89250087742631,-18.568161079139287,116.53107489503324,-24.384504114932554,120.14089030465067,-29.82919484749204,124.85900285270674,-34.74591811796589,130.79854174394248,-38.94034223139377,137.9761262877469,-42.18671319929865,146.21493941720408,-44.25584533398433,155.08191682322092,-44.96853417649026,163.94889424000706,-44.25584536863793,172.18770738302686,-42.1867132388224,179.36529189969926,-38.94034222834432,-174.69516932311603,-34.74591802349321,-169.97705701724377,-29.8291946243334,-166.36724202748275,-24.38450374481213,-163.72866870932063,-18.568160565322405,-161.93922808749804,-12.50296435838211,-160.90785359502726,-6.286510755414081
114.17614011058765,0.0,114.49897650885053,-5.855148445864398,115.5118351326478,-11.638138560223544,117.25944689469992,-17.265917389560602,119.8130804873178,-22.640741390926607,123.26286653985214,-27.64327045560992,127.70002664356817,-32.12730908181669,133.18236936719134,-35.91920822317531,139.680098023451,-38.82713380847746,147.0148376069798,-40.66577899305219,154.8312323608229,-41.296077624279185,162.64762712447344,-40.66577902854247,169.98236672067597,-38.82713384924341,176.48009535181671,-35.91920821999999,-178.03756203425178,-32.127308982472165,-173.60040216975466,-27.643270218847228,-170.15061654002048,-22.640740995364347,-167.59698366000686,-17.265916837368575,-165.84937322162796,-11.638137876514046,-164.83651818333206,-5.855147674726271
117.60945192300743,0.0,117.92092355868748,-5.39974560837244,118.89805775790809,-10.72712662405895,120.57546055240681,-15.899284749782586,123.00603213499645,-20.820596482577052,126.2520554523938,-25.377518820590474,130.36805655530617,-29.43574902998915,135.37235220847788,-32.84214025397796,141.208417733778,-35.43475771325328,147.70795654243807,-37.06362576864278,154.58054789842367,-37.61994930673723,161.45313926345716,-37.063625804954995,167.952678084052,-35.43475775520094,173.78874358586754,-32.84214025068485,178.79303913312668,-29.43574892608608,-177.09096000044966,-25.377518570998337,-173.84493710856867,-20.820596062774946,-171.41436625132283,-15.89928416068052,-169.73696481052585,-10.727125891953106,-168.75983427656115,-5.399744780853072
121.04314009503447,0.0,121.33772624023175,-4.92220252823646,122.26267692470573,-9.773852486285362,123.84337885476245,-14.474373169981538,126.11664749797434,-18.932370641931364,129.12177764506774,-23.04197897137313,132.88538155389966,-26.681799030263214,137.39919134481804,-29.718239031001605,142.5935717074146,-32.01523901983342,148.31605033466354,-33.451155791856195,154.3298634360244,-33.94017603195215,160.3436765458315,-33.45115582897843,166.06615518440682,-32.01523906291376,171.2605355248415,-29.71823902759764,175.7743452130586,-26.681798922084184,179.53794888778236,-23.041978709695872,-177.4569213932859,-18.932370199123223,-175.1836534878229,-14.474372545576518,-173.60295294117537,-9.773851707600958,-172.67800600158225,-4.922201646239945
124.47722226104027,0.0,124.74967731466567,-4.424500900477734,125.60697136497474,-8.782332606894174,127.06663922094508,-12.997256477152762,129.15228117830125,-16.984010586119748,131.88534801588423,-20.64585007312744,135.27253351942926,-23.874692457641387,139.2891929096084,-26.555103976510964,143.86178472134418,-28.57312830398012,148.8559855768544,-29.829792021969528,154.0791789736251,-30.256835402632213,159.30237237836647,-29.829792059892156,164.29657324470867,-28.573128348152586,168.86916503534442,-26.55510397300205,172.88582432548458,-23.874692345442767,176.27300959686016,-20.645849800080665,179.00607600355787,-16.984010121564136,-178.9082827890058,-12.99725581918211,-177.4486163458186,-8.782331783700622,-176.59132611976258,-4.424499966254175
127.91171444083017,0.0,128.15715301881306,-3.908696094199955,128.93251850018163,-7.756658531156287,130.2491866281934,-11.473951176204398,132.12074001623975,-14.983112511915609,134.55586877190964,-18.197575697021595,137.54834176225455,-21.022552570321885,141.06501731681215,-23.359161241407595,145.03452759289877,-25.112165635524757,149.34111273137972,-26.200721614366035,153.8284945112258,-26.570054471924845,158.31587629867028,-26.200721653080617,162.62246144758888,-25.112165680754895,166.59197170341554,-23.359161237798773,170.10864716006756,-21.022552454338847,173.10111991966593,-18.19757541329557,175.5362482415093,-14.983112026892044,177.407800867591,-11.47395048652635,178.72446755377698,-7.7566576657659665,179.49982913188822,-3.908695110340509
131.34663097261642,0.0,131.56060667717296,-3.376908783633034,132.24116251446574,-6.700981455553121,133.39538814436602,-9.910403868104726,135.03013782927223,-12.936939995937559,137.14610945672752,-15.704935130602271,139.73006947578384,-18.132585757051178,142.74634120109712,-20.135922435192718,146.12964851876737,-21.63549257841078,149.7822172093875,-22.564971433103686,153.57781004882787,-22.88000757744932,157.37340289558057,-22.564971472602547,161.02597159633302,-21.635492624668352,164.4092788943913,-20.135922431488634,167.42555052342215,-18.13258563750194,170.0095103125791,-15.704934836866535,172.1254815029221,-12.936939491746353,173.76023041383402,-9.910403148692525,174.91445457318324,-6.70098055051345,175.59500642868943,-3.3769077530636236
134.78198445272463,0.0,134.96056121570717,-2.8313166887933594,135.5349812388187,-5.619499323023086,136.50995596357572,-8.312486092697162,137.88878551330848,-10.852452187184783,139.66845249818587,-13.175136478851623,141.83359384681881,-15.211250726423858,144.35042890561473,-16.890189335470247,147.16223138148234,-18.145807728993475,150.18819506391938,-18.923459999190158,153.3271255864285,-19.186913371881023,156.46605611603843,-18.923460039466033,159.49201980838293,-18.145807776251353,162.30382226511648,-16.890189331675156,164.82065722875836,-15.211250603513799,166.98579834771348,-13.175136175761022,168.76546489173387,-10.852451665149395,170.1442936553491,-8.312485345635725,171.11926688112587,-5.61949838110974,171.69368284449573,-2.8313156147672744
138.2177856823194,0.0,138.35760071322295,-2.274146441521067,138.81625245081656,-4.51644625951395,139.5978792194066,-6.685995448053733,140.70511157277443,-8.736339386296756,142.13488675261726,-10.614908362530342,143.87360596639334,-12.264405777189955,145.89262141875713,-13.626217035129587,148.14525629952527,-14.645482551560669,150.5665448567679,-15.277033583704968,153.07644112402926,-15.49103108575326,155.5863373982454,-15.277033624750834,158.0076259652447,-14.645482599793745,160.26026082720256,-13.626217031247483,162.27927618505691,-12.264405651115402,164.0179951687083,-10.614908050731314,165.44776990338804,-8.736338847768348,166.55500145831834,-6.685994675538885,167.33662669976994,-4.516445283725006,167.79527430033247,-2.274145327610323
141.6540436213635,0.0,141.75236112822648,-1.7076655795324194,142.08742002060214,-3.3960841009044143,142.66436419742303,-5.036661876892516,143.4876079170458,-6.595063754530819,144.5570353476417,-8.030588525069977,145.8638165623007,-9.297437160410675,147.38675503881834,-10.347845489770837,149.09011726801594,-11.136649124593292,150.9237351056829,-11.626491434685205,152.82575666163,-11.7926560758352,154.72777822444561,-11.626491476493813,156.56139607178815,-11.136649173777633,158.26475828235618,-10.347845485805461,159.78769666453078,-9.297437031362715,161.09447764791017,-8.03058820520764,162.16390462838484,-6.595063200894852,162.9871475369596,-5.0366610812328965,163.56409015873035,-3.3960830944556983,163.89914483753466,-1.7076644296179575
145.09076535004436,0.0,145.14552033917616,-1.1341746592480684,145.35106017343534,-2.2626957110933046,145.7147820830715,-3.370158080514718,146.24479590657742,-4.434903464308561,146.94620744486855,-5.42820872159331,147.8171601288706,-6.315371850811008,148.84552311135516,-7.058607391248242,150.0070371648461,-7.6212680064696965,151.26548692810223,-7.972603475230221,152.57507219923198,-8.092114729871678,153.8846574771999,-7.972603517794194,155.1431072501177,-7.621268056581991,156.30462128502333,-7.058607387203184,157.3329841728528,-6.315371718978818,158.20393662367488,-5.42820839431913,158.90534770615392,-4.434902896992963,159.43536070562874,-3.370157264135544,159.79908103252842,-2.262694677414372,160.00461657750256,-1.1341734775088677
148.52795586973994,0.0,148.53778746668556,-0.5559994678525503,148.6098478307078,-1.1205797562663171,148.75462286671268,-1.692113103059665,148.98520779623715,-2.261999074189748,149.31346606062718,-2.813575990284627,149.74599409538126,-3.3229780587032387,150.28079360446534,-3.761818717724898,150.90541001819042,-4.101182173471599,151.5969989554981,-4.316122791347975,152.3243875687355,-4.3897588149530895,153.05177618883513,-4.3161228346597404,153.74336513585658,-4.101182224488449,154.36798153090706,-3.761818713603889,154.9027809445384,-3.3229779242772715,155.33530874342887,-2.8135756562639154,155.66356654551308,-2.2619984946747542,155.89415063758204,-1.6921122685082461,156.038924063376,-1.1205786989974738,156.11098006329635,-0.5559982587534702
